Feature,Importance
Geography,0.7380775117377487
Founding Year,0.18090232207038812
VC-Backed,0.055292952491596034
Team Size,0.02569875376930187
Sector,2.845993096530282e-05
Post-2008,0.0
