Feature,Importance
VC-Backed,0.04874344619076476
Founding Year,0.0482381813069232
Geography,0.0442209634549713
Team Size,0.014017202528124962
Post-2008,0.005455933653958833
Sector,0.0020292577827801363
